date,race,class,distance,surface,colour,horse_no,Last 5 Runs,horse_name,EA,gear,jockey,trainer,barrier,rating,Wt,Desc,Sire,Dam,Owner,Rating + / -
21/07/2019,1,C5,1400,T,,2,95758,MAJESTIC,,TT,M ZAKI,D KOK,2,48,60,4yo CH USA G NH,MIZZEN MAST (USA),SUNSET RIDE (USA),MAJESTIC STABLE,-1
21/07/2019,1,C5,1400,T,,3,0*369,PRINCE PEGASUS,,,APP M NIZAR,M WALKER,13,48,60,5yo B AUS G SH,BENETEAU (AUS),SASSY PEG (AUS),FAIRDEAL STABLE,-1
21/07/2019,1,C5,1400,T,,4,53*06,HERO STAR,,B,B MELHAM,D MEAGHER,3,47,59.5,5yo B AUS G SH,MAGIC ALBERT (AUS),BELLA CASSANI (AUS),HO LI WEN,-1
21/07/2019,1,C5,1400,T,,6,7,COMECATCHME,,,J AZZOPARDI,ZL MOK,7,46,59,3yo B IRE G NH,CAMACHO (GB),FOXTROT PEARL (IRE),FRIENDSHIP STABLE,-
21/07/2019,1,C5,1400,T,,7,24*2*,HERO IN THE WIND,,B,S NOH,H TAKAOKA,14,46,59,5yo CH JPN G NH,SCREEN HERO (JPN),KIRARIN (JPN),GALAHAD RACING STABLE,1
21/07/2019,1,C5,1400,T,,8,5*954,PLATO,,,APP WH KOK,J O'HARA,6,46,59,4yo BR AUS H SH,PIERRO (AUS),SKATES (AUS),TOAST TRUSTS & J. HO STABLE,-1
21/07/2019,1,C5,1400,T,,9,6600,SILVER JOY,,"B, TT",APP N ZYRUL,RB MARSH,11,46,59,3yo BR AUS G SH,ALL AMERICAN (AUS),RAINBOW QUEEN (AUS),TTS NO 2 STABLE,-2
21/07/2019,1,C5,1400,T,,10,0*983,YULONG FIRE,,,M RODD,D KOK,9,46,59,4yo B IRE G NH,RED JAZZ (USA),ANKLESOCKS (IRE),YU LONG STABLE,-
21/07/2019,1,C5,1400,T,,11,0*8*0,ZMAN,,,C MURRAY,KY YOUNG,8,46,59,4yo CH AUS G SH,STREET BOSS (USA),NOT FUHR NOTHIN (AUS),SIAH SONGHAN,-2
21/07/2019,1,C5,1400,T,,12,18422,BROADWAY SUCCESS,,TT,R WOODWORTH,M WALKER,5,45,58.5,3yo B NZ G SH,ALAMOSA (NZ),BROADWAY EXPRESS (AUS),TE AKAU RACING STABLE,-
21/07/2019,1,C5,1400,T,,13,39027,GOLDEN THUNDER,,TT,B PINHEIRO,CT KUAH,1,45,58.5,5yo B IRE G NH,LILBOURNE LAD (IRE),PIACENZA (IRE),MY MAN STABLE,-1
21/07/2019,1,C5,1400,T,,14,44673,TAVITO,,"P, TT",D MOOR,KS TAN,12,44,58,4yo B NZ G SH,TAVISTOCK (NZ),RIO NUGGET (NZ),ASCOT STABLE,-
21/07/2019,1,C5,1400,T,,15,94436,GANGNAM CLASSIC,E1,TT,APP F YUSOFF,J SAIMEE,4,34,53,5yo B IRE G NH,DREAM AHEAD (USA),BORA BLUES (GB),SAIMEE BIN JUMAAT,-1
21/07/2019,1,C5,1400,T,,16,*9000,RICHIE RICH,E2,"B, TT",K A'ISISUHAIRI,J LIM,10,31,51.5,4yo B NZ G SH,DALGHAR (FR),BLOSSOMING (NZ),MT RACING STABLE,-3
21/07/2019,2,RM,1600,T,,1,252,ON LINE,,B,V DURIC,M CLEMENTS,1,52,57,3yo B NZ G SH,O'REILLY (NZ),FROCKSTAR (NZ),FALCON RACING NO 7 STABLE,-
21/07/2019,2,RM,1600,T,,2,2642,FOREVER WIN,,B,B THOMPSON,D LOGAN,7,50,57,3yo BR NZ G SH,EKRAAR (USA),ROCKANDREADY (NZ),HWA YI NO 6 STABLE,-
21/07/2019,2,RM,1600,T,,3,40*22,LIM'S HONOUR,,B,R WOODWORTH,D MEAGHER,11,46,57,3yo BR/GR NZ G SH,RELIABLE MAN (GB),FINAL VIEW (NZ),LIM'S STABLE,4
21/07/2019,2,RM,1600,T,,4,89*69,MONTOYA,,,T BERRY,S GRAY,14,43,57,3yo B AUS G SH,HIGH CHAPARRAL (IRE),AH HA (NZ),STEPHEN GRAY RACING STABLE,-1
21/07/2019,2,RM,1600,T,,5,79394,DUXTON,,B,W PIKE,S GRAY,6,42,57,3yo B/BR NZ G SH,IFFRAAJ (GB),ELUSIVE RED (NZ),COMMONWEALTH STABLE,-
21/07/2019,2,RM,1600,T,,6,6707,SUMMER GLITTER,,,B PINHEIRO,S GRAY,3,42,57,3yo B NZ G SH,SHOWCASING (GB),CELERITY (NZ),TURF BLOODSTOCK SABAH STABLE,-2
21/07/2019,2,RM,1600,T,,7,*6*77,ALWAYS INNOCENT,,B,B MELHAM,C BROWN,4,39,57,3yo B AUS G SH,MEDAGLIA D'ORO (USA),MAXI DRESS (IRE),BINGO STABLE,-
21/07/2019,2,RM,1600,T,,8,8,DAWNING GOLD,,BB,M RODD,C BROWN,10,,57,3yo B AUS G SH,DAWN APPROACH (IRE),SCHELLENBERG (AUS),GOLD STABLE,-
21/07/2019,2,RM,1600,T,,9,66,HIGHGATE,,,S NOH,KS TAN,2,,57,3yo B/BR NZ G SH,ECHOES OF HEAVEN (AUS),PRINCESS CAGA (NZ),ASCOT STABLE,-
21/07/2019,2,RM,1600,T,,11,75,INVISIBLE,,,D MOOR,M CLEMENTS,9,,54,3yo B/BR USA G NH,MISSION IMPAZIBLE (USA),KETTLE'S SISTER (USA),FALCON RACING NO 7 STABLE,-
21/07/2019,2,RM,1600,T,,12,56064,PISCA PISCA,,BB,CC WONG,H TAKAOKA,8,40,52.5,3yo B JPN F NH,BLACK TIDE (JPN),CRUZADA AMERICANA (BRZ),BIG VALLEY STABLE,-2
21/07/2019,2,RM,1600,T,,13,0,AIR COMBAT,,,APP T KRISNA,R LE GRANGE,5,,48.5,2yo B AUS G SH,DUNDEEL (NZ),CATHY (AUS),SHIRTLIFF STABLE,-
21/07/2019,2,RM,1600,T,,14,,FORT MUSTANG,,,JP VAN DER MERWE,H TAKAOKA,13,,48.5,2yo B AUS G SH,UNENCUMBERED (AUS),TANGERINE DREAM (FR),MIDDLE KINGDOM STABLE,-
21/07/2019,2,RM,1600,T,,15,8798,CHAMPAGNE FINALE,E1,"B, TT",J AZZOPARDI,D LOGAN,12,44,57,3yo B AUS G SH,ALL TOO HARD (AUS),GRANDE ANNEE (USA),EDEN PARK RACING STABLE,-2
21/07/2019,3,C4,1400,T,,1,75317,SUPER TYCOON,,SR,W PIKE,R LE GRANGE,2,67,60,5yo B/BR NZ G SH,O'REILLY (NZ),TOSS UP (NZ),NUMBER ONE STABLE,-
21/07/2019,3,C4,1400,T,,2,80690,SAHARA EAGLE,,"B, TT",C MURRAY,S BURRIDGE,10,65,59,5yo B NZ G SH,O'REILLY (NZ),SAHEEL (NZ),COLIN PHILIP KEANE,-
21/07/2019,3,C4,1400,T,,3,*1225,TRAPIO,,,B THOMPSON,M CLEMENTS,7,64,58.5,3yo BR AUS G SH,SHAMUS AWARD (AUS),SOLVINI (NZ),SHARON STABLE,-
21/07/2019,3,C4,1400,T,,4,959,COMMAND ROYALE,,"WK, TT",CC WONG,D LOGAN,9,63,58,5yo B AUS G SH,COURT COMMAND (AUS),BRAZILIAN PRINCESS (NZ),LUI GARY,-2
21/07/2019,3,C4,1400,T,,5,46492,DUSSELDORF,,"B, TT",M RODD,KS TAN,4,63,58,5yo B AUS G SH,CANFORD CLIFFS (IRE),CREVASSE (AUS),MORE STABLE,1
21/07/2019,3,C4,1400,T,,6,19241,I'M INCREDIBLE,,,V DURIC,S BAERTSCHIGER,3,61,57,4yo CH AUS G SH,LOPE DE VEGA (IRE),MOMENT IN TIME (AUS),DOHA STABLE,6
21/07/2019,3,C4,1400,T,,7,76482,TURF PRINCESS,,"B, TT",B MELHAM,DL FREEDMAN,13,61,57,4yo B AUS M SH,DALIAPOUR (IRE),HANNA ROSSA (AUS),DAVID LEE FREEDMAN,2
21/07/2019,3,C4,1400,T,,8,95*25,GREEN STAR,,,APP WH KOK,J LIM,6,60,56.5,5yo B NZ G SH,IFFRAAJ (GB),PRINCESS PROSPERO (AUS),HONG KAI OH,-1
21/07/2019,3,C4,1400,T,,10,49*22,OVERCOMING,,WK,T BERRY,J PETERS,5,56,54.5,4yo B IRE G NH,KODIAC (GB),CAUSEWAY CHARM (USA),CHINA HORSE CLUB STABLE,2
21/07/2019,3,C4,1400,T,,11,48880,BEAR WITNESS,,EM,J AZZOPARDI,S GRAY,12,55,54,5yo B AUS G SH,STAR WITNESS (AUS),TRAIN WRECK (AUS),BEAR WITNESS STABLE,-2
21/07/2019,3,C4,1400,T,,12,6114*,CLARTON PALACE,,B,I AZHAR,M WALKER,1,53,53,3yo B NZ G SH,MINSTREL COURT (AUS),ZABBA (NZ),PENTAGON STABLE,-
21/07/2019,3,C4,1400,T,,13,26*46,STORM RYKER,,EM,JP VAN DER MERWE,J O'HARA,11,50,51.5,5yo CH USA G NH,PROUD CITIZEN (USA),MARIA'S STORM (USA),TEAM CHEVAL STABLE,-2
21/07/2019,3,C4,1400,T,,14,3219*,DOMINIC,,"B, TT",APP M NIZAR,J SAIMEE,8,45,50.0*,4yo B NZ G SH,ROCK 'N' POP (AUS),HIGHFLYING (NZ),SAIMEE BIN JUMAAT,-
21/07/2019,3,C4,1400,T,,15,782*4,ATLANTIC FOX,E1,,K A'ISISUHAIRI,M WALKER,14,53,53,5yo B AUS G SH,SAVABEEL (AUS),KINSELLA (AUS),TE AKAU RACING STABLE,-1
21/07/2019,4,C4,1600,T,,1,5315,STAR EMPIRE,,B,J POWELL,L DRAGON,3,66,59.5,4yo B AUS G SH,NOT A SINGLE DOUBT (AUS),ADVANCE TO GO (AUS),UNIQUE RACING STABLE,-
21/07/2019,4,C4,1600,T,,2,66000,ABSOLUTE MIRACLE,,,C MURRAY,RB MARSH,7,65,59,6yo B AUS G SH,STRATEGIC MANEUVER (AUS),DREAMS AND DESIRES (AUS),TORPEDO RACING STABLE,-2
21/07/2019,4,C4,1600,T,,3,2*517,CENTURION,,SR,APP WH KOK,KS TAN,2,65,59,4yo B NZ G SH,ZED (NZ),TAUPAKI FLIGHT (NZ),DERBY STABLE,-
21/07/2019,4,C4,1600,T,,4,0*876,KENG MAK MAK,,,K A'ISISUHAIRI,M WALKER,4,63,58,5yo CH NZ G SH,RED GIANT (USA),CELTIC CLASS (AUS),WIN MAK MAK STABLE,-2
21/07/2019,4,C4,1600,T,,5,39054,GALILEO'S APPROACH,,"B, TT",M KELLADY,S BAERTSCHIGER,1,62,57.5,6yo B AUS G SH,NEW APPROACH (IRE),REDESIGN (AUS),GALILEO'S APPROACH STABLE,-
21/07/2019,4,C4,1600,T,,6,0*070,CORSA D'ORO,,TT,APP N ZYRUL,D LOGAN,8,59,56,4yo B AUS G SH,MEDAGLIA D'ORO (USA),WOKPOOL (AUS),PCO RACING NO 2 STABLE,-3
21/07/2019,4,C4,1600,T,,7,0*395,KING ZOUSTAR,,VIS,J AZZOPARDI,DL FREEDMAN,9,59,56,3yo CH AUS G SH,ZOUSTAR (AUS),FASTER PUSSYCAT (AUS),LUCKY UNICORN STABLE,-
21/07/2019,4,C4,1600,T,,8,**956,LIM'S RIPPLE,,SR,T REHAIZAT,S BURRIDGE,12,59,56,5yo BR NZ G SH,O'REILLY (NZ),ETHICS (AUS),LIM'S STABLE,-1
21/07/2019,4,C4,1600,T,,9,21698,DREAMER LEGEND,,WK,D MOOR,RB MARSH,6,58,55.5,7yo CH NZ G SH,ANY SUGGESTION (AUS),DIGITAL IMAGE (NZ),CHENG POK MAN JOSEPH,-2
21/07/2019,4,C4,1600,T,,10,4*594,HIGHER SOUL,,,CC WONG,H TAKAOKA,13,58,55.5,8yo BR JPN M NH,HIGHER GAME (JPN),SWEET SOUL (JPN),BIG VALLEY STABLE,-1
21/07/2019,4,C4,1600,T,,11,*8000,AUSPICIOUS DAY,,B,G BOSS,L KHOO,11,56,54.5,4yo B NZ G SH,SHOWCASING (GB),SWEET CHARITY (NZ),ANGIE NO 3 STABLE,-3
21/07/2019,4,C4,1600,T,,12,*725*,PENNSYLVANIA,,,B THOMPSON,J TAN,14,51,52,5yo GR/RO USA G NH,THE FACTOR (USA),SEEKING LUCK (USA),T & T STABLE,-1
21/07/2019,4,C4,1600,T,,13,81579,OPTIMUM STAR,,TT,M ZAKI,H TAKAOKA,10,50,51.5,5yo BR NZ G SH,ROC DE CAMBES (NZ),OPTIMUM NOTE (JPN),STAR RACING NO 2 STABLE,-2
21/07/2019,4,C4,1600,T,,14,85*43,YULONG SHENG LONG,,TT,JP VAN DER MERWE,S BURRIDGE,5,50,51.5,5yo B AUS G SH,PENDRAGON (NZ),REGLISSE (NZ),YU LONG STABLE,-
21/07/2019,5,C5,1400,T,,1,*8745,MISS MICHELLE,,"P, TT",JP VAN DER MERWE,J O'HARA,12,44,60,4yo B GB M NH,EQUIANO (FR),ENROL (GB),CHAMPION STABLE,-2
21/07/2019,5,C5,1400,T,,2,3*96*,RUNMINDERBINDERRUN,,B,APP WH KOK,S GRAY,10,43,59.5,3yo B AUS G SH,SMART MISSILE (AUS),TIFFINCO (AUS),SEMPER ANTICUS STABLE,-2
21/07/2019,5,C5,1400,T,,3,090*0,HELUSHKA,,"B, TT",APP F YUSOFF,KY YOUNG,14,42,59,3yo B GB C NH,TORONADO (IRE),FUGNINA (GB),IB RACING STABLE,-4
21/07/2019,5,C5,1400,T,,4,67*00,MAMAMIA MAMAMIA,,,APP I AMIRUL,M CLEMENTS,1,42,59,3yo BR AUS F SH,PLAYING GOD (AUS),MIA MYTH (AUS),JOE GIOVANNI SARJEET SINGH,-2
21/07/2019,5,C5,1400,T,,5,0707*,ON THE RAZZ,,,B THOMPSON,S GRAY,7,42,59,3yo B NZ G SH,MAGIC ALBERT (AUS),RAZZLE (NZ),LINCOLN FARMS STABLE,-1
21/07/2019,5,C5,1400,T,,6,57914,WEST NORTH HILL,,"B, TT",APP J SEE,J LIM,11,42,59,5yo B GB G NH,MAYSON (GB),FACIASCURA (GB),TAN SOON KHING DAVID,-
21/07/2019,5,C5,1400,T,,7,31000,DARCI'S BOY,,"B, TT",M KELLADY,S BAERTSCHIGER,5,41,58.5,6yo B NZ G SH,DARCI BRAHMA (NZ),PRINCESS ANNALIESE (NZ),LINCOLN FARMS STABLE,-2
21/07/2019,5,C5,1400,T,,8,256*8,EVIL SPEEDO,,P,S JOHN,D KOK,3,40,58,4yo B AUS G SH,HINCHINBROOK (AUS),RAPALA (AUS),CLOUD NINE STABLE,-2
21/07/2019,5,C5,1400,T,,9,7000*,HOOGA NET,,WK,APP K NUH,L KHOO,13,40,58,4yo B NZ G SH,THEWAYYOUARE (USA),FAIRY FINGERS (NZ),PHAN NEE NO 7 STABLE,-
21/07/2019,5,C5,1400,T,,11,5697*,PACIFIC DRAGON,,,J POWELL,L DRAGON,6,36,56,6yo CH NZ G SH,IFFRAAJ (GB),SUNBREASE (NZ),UNIQUE RACING STABLE,-2
21/07/2019,5,C5,1400,T,,12,*281*,GINGERMAN,,P,B PINHEIRO,CT KUAH,4,34,55,4yo CH AUS G SH,GINGERBREAD MAN (AUS),FONTAINE'S FANTASY (AUS),KUAH CHENG TEE,7
21/07/2019,5,C5,1400,T,,13,3304*,SPOKESMAN,,VIS,I AZHAR,M WALKER,2,34,55,4yo B NZ G SH,ALAMOSA (NZ),PANTHERA (NZ),FORTUNA NZ RACING STABLE,-2
21/07/2019,5,C5,1400,T,,14,*6*9*,TOP BANANA,,B,APP T KRISNA,H TAKAOKA,8,22,50.0*,4yo B NZ G SH,SUPER EASY (NZ),MISS MOCHA (NZ),KM RACING STABLE,-
21/07/2019,5,C5,1400,T,,15,02*46,DRAGONITE,E1,,C MURRAY,RB MARSH,9,33,54.5,5yo B AUS G SH,BUSHRANGER (IRE),CROSS TOWN (AUS),TORPEDO RACING STABLE,-2
21/07/2019,6,C3,1800,T,,1,10340,LIONROCKSPIRIT,,"B, TT, EM",APP WH KOK,DL FREEDMAN,7,79,60,6yo B IRE G NH,FASTNET ROCK (AUS),PHILLIPPA (IRE),LUCKY STABLE,-
21/07/2019,6,C3,1800,T,,2,*0098,SONG TO THE MOON,,,JP VAN DER MERWE,M CLEMENTS,11,77,59,6yo B NZ G SH,SAVABEEL (AUS),WHITE MOUSE (AUS),JUBILANT RACING STABLE,-2
21/07/2019,6,C3,1800,T,,3,*51,THREEANDFOURPENCE,,BB,M RODD,C BROWN,12,75,58,4yo B USA G NH,WAR FRONT (USA),LISCANNA (IRE),FOREVER LUCKY STABLE,5
21/07/2019,6,C3,1800,T,,4,93120,GOLD STRIKE,,B,B MELHAM,C BROWN,14,74,57.5,4yo B IRE G NH,IFFRAAJ (GB),BURREN ROSE (USA),GOLD STABLE,-
21/07/2019,6,C3,1800,T,,5,140*3,RICHEBOURG,,"B, TT",R WOODWORTH,M WALKER,3,74,57.5,4yo B AUS G SH,REAL SAGA (AUS),TALLULAH BEE (AUS),TRIOMPHE STABLE,-
21/07/2019,6,C3,1800,T,,6,8131*,KING'S SPEECH,,,B THOMPSON,S GRAY,8,73,57,4yo B NZ G SH,DARCI BRAHMA (NZ),SERENITY PRINCESS (AUS),ST GEORGE STABLE,5
21/07/2019,6,C3,1800,T,,7,200*3,STAR JACK,,"WK, EM",M LERNER,H TAKAOKA,9,72,56.5,5yo B JPN G NH,JUNGLE POCKET (JPN),MADRIGAL SCORE (JPN),STAR JACK STABLE,1
21/07/2019,6,C3,1800,T,,8,4124*,CHOCOLATS,,"B, TT",V DURIC,S BAERTSCHIGER,2,71,56,5yo B AUS G SH,FASTNET ROCK (AUS),ABSOLUTE JOY (NZ),MORE STABLE,-
21/07/2019,6,C3,1800,T,,9,4410*,MAJESTIC EMPRESS,,,C MURRAY,R LE GRANGE,13,70,55.5,6yo CH NZ M SH,EKRAAR (USA),RACE EMPRESS (AUS),CHELSEA STABLE,-
21/07/2019,6,C3,1800,T,,10,2021,MIGHTY EMPEROR,,B,APP T KRISNA,R LE GRANGE,10,70,55.5,7yo B SAF G SH,KAHAL (GB),SWEET VIRGINIA (SAF),RICARDO LE GRANGE,5
21/07/2019,6,C3,1800,T,,11,4799*,MIGHTY KENNY,,SR,W PIKE,R LE GRANGE,4,70,55.5,6yo BR AUS G SH,SHINZIG (AUS),MYSTERIOUS RANSOM (AUS),CHELSEA STABLE,-2
21/07/2019,6,C3,1800,T,,12,559*5,MR EXCHEQUER,,,J POWELL,S BAERTSCHIGER,5,69,55,5yo BR NZ G SH,SAVABEEL (AUS),APOLLO TREASURE (USA),MA RACING STABLE,-2
21/07/2019,6,C3,1800,T,,13,9103*,SOLO SUN,,TT,T REHAIZAT,D KOH,6,69,55,5yo BR AUS G SH,SO YOU THINK (NZ),LINK TO MY HEART (USA),SUN BLOODSTOCK RACING STABLE,-
21/07/2019,6,C3,1800,T,,14,1*643,ATHLETICA,,"B, TT",T BERRY,S BAERTSCHIGER,1,67,54,4yo B NZ G SH,TAVISTOCK (NZ),LIMBEA (NZ),THOMAS GARRY HEPTINSTALL,-
21/07/2019,7,C3,1400,T,,1,0000*,MAGIC CITY,,B,W PIKE,J SAIMEE,11,75,58,5yo B BRZ R SH,HOLY ROMAN EMPEROR (IRE),ACADEMIA REAL (USA),LOTI-A STABLE,-2
21/07/2019,7,C3,1400,T,,2,67101,WECANDO,,,APP I AMIRUL,S GRAY,5,74,57.5,4yo BR NZ G SH,PER INCANTO (USA),MAGIC DAZE (NZ),ELAINE CHEN STABLE,8
21/07/2019,7,C3,1400,T,,3,6225,KARISTO,,B,B MELHAM,DL FREEDMAN,8,73,57,4yo CH AUS G SH,WRITTEN TYCOON (AUS),VERKKO (AUS),CHINA HORSE CLUB STABLE,-1
21/07/2019,7,C3,1400,T,,5,833*8,CHALAZA,,,APP WH KOK,S BURRIDGE,2,71,56,6yo B NZ G SH,ROAD TO ROCK (AUS),MISS FABERGE (NZ),J RACING BLOODSTOCK NO 3 STABLE,-2
21/07/2019,7,C3,1400,T,,6,10446,CROWN GIFT,,,APP F YUSOFF,KY YOUNG,4,71,56,4yo B AUS G SH,PHENOMENONS (AUS),INAURA (AUS),HKH NO 2 STABLE,-2
21/07/2019,7,C3,1400,T,,7,0*381,FILIBUSTER,,,M RODD,C BROWN,1,71,56,4yo B AUS M SH,ILOVETHISCITY (AUS),MOONDREAMER (IRE),FILIBUSTER STABLE,5
21/07/2019,7,C3,1400,T,,8,34043,NATIONALITY,,,T BERRY,DL FREEDMAN,9,71,56,4yo B/BR AUS G SH,COMMANDS (AUS),MILLIYET (NZ),CHINA HORSE CLUB STABLE,-
21/07/2019,7,C3,1400,T,,9,514*5,SUPERNOVA,,"TT, SR",APP N ZYRUL,RB MARSH,10,70,55.5,10yo B NZ G SH,ELUSIVE CITY (USA),OUR GIRL NELSON (AUS),TUDOR LODGE RACING STABLE,-1
21/07/2019,7,C3,1400,T,,10,4*3*6,IRONSIDE,,TT,B THOMPSON,D LOGAN,6,69,55,4yo B NZ G SH,JIMMY CHOUX (NZ),CAMILLA (NZ),LARS VALTER PEARSON,-1
21/07/2019,7,C3,1400,T,,11,11879,WONDERFUL PAINT,,WK,C MURRAY,L KHOO,12,69,55,4yo GR NZ G SH,DARCI BRAHMA (NZ),THE GREY STORM (NZ),PAINT STABLE,-2
21/07/2019,7,C3,1400,T,,12,44233,LORD OF CLOUD,,"B, TT",CC WONG,KY YOUNG,7,67,54,4yo B NZ H SH,NIAGARA (AUS),MISS JEAN BRODIE (NZ),BILLION DOLLARS STABLE,-
21/07/2019,7,C3,1400,T,,13,69619,LOVING YOU,,,D MOOR,M CLEMENTS,3,67,54,4yo B USA M NH,TWIRLING CANDY (USA),AZASECRET (USA),FALCON RACING NO 7 STABLE,-
21/07/2019,8,C2,1400,T,,1,0,BAHANA,,,APP WH KOK,S GRAY,2,97,60,7yo B NZ G SH,ELUSIVE CITY (USA),KHALES (NZ),DAGO STABLE,-2
21/07/2019,8,C2,1400,T,,2,7*960,MAKANANI,,"B, EM",M LERNER,H TAKAOKA,3,89,56,5yo B JPN M NH,BLACK TIDE (JPN),VIELLE SENLIS (USA),BIG VALLEY STABLE,-16
21/07/2019,8,C2,1400,T,,3,17058,MCGREGOR,,,J AZZOPARDI,M CLEMENTS,10,89,56,8yo CH AUS G SH,MAGIC ALBERT (AUS),CORA (IRE),GRAHAM CHRISTOPHER MACKIE,-
21/07/2019,8,C2,1400,T,,4,,LOYALTY MAN,,,M RODD,DL FREEDMAN,1,87,55,6yo B AUS G SH,FASTNET ROCK (AUS),IMPERIAL BEAUTY (USA),DAVID LEE FREEDMAN,-
21/07/2019,8,C2,1400,T,,5,1820*,CURVATURE,,TT,T BERRY,DL FREEDMAN,4,86,54.5,5yo B AUS G SH,SNITZEL (AUS),ORBITING BELLE (AUS),CHINA HORSE CLUB STABLE,-
21/07/2019,8,C2,1400,T,,6,57869,CLAUDIA'S BEAUTY,,P,G BOSS,L KHOO,5,83,53,5yo BR AUS M SH,DALIAPOUR (IRE),STAR CLAUDIA (AUS),LUCKY STABLE,-2
21/07/2019,8,C2,1400,T,,7,21809,EAGLE EYE,,"B, TT",D MOOR,M CLEMENTS,11,83,53,4yo CH ARG G SH,PURE PRIZE (USA),MISS TESSI (ARG),KAJORN PETCH RACING NO 6 STABLE,-2
21/07/2019,8,C2,1400,T,,8,01*36,NEPEAN,,TT,M KELLADY,S BAERTSCHIGER,7,82,52.5,5yo B/BR AUS G SH,ROMAN EMPEROR (NZ),COOL GAL (AUS),MA RACING STABLE,-
21/07/2019,8,C2,1400,T,,9,36796,VIVIANO,,"B, TT",I AZHAR,M WALKER,8,82,52.5,7yo BR NZ G SH,KEEPER (AUS),FLYING FLORENCE (NZ),RAFFLES RACING STABLE,-1
21/07/2019,8,C2,1400,T,,10,171*4,MISS DUSTY,,,B THOMPSON,C BROWN,6,78,50.5,4yo GR NZ M SH,RELIABLE MAN (GB),ASCIANO MISS (AUS),TARNPIRR STABLE,-
21/07/2019,8,C2,1400,T,,11,81622,YABADABADOO,,B,APP I AMIRUL,M CLEMENTS,9,76,50.0*,4yo CH NZ G SH,MAKFI (GB),DODUO (AUS),JOE GIOVANNI SARJEET SINGH,2
21/07/2019,9,G1,1800,T,,1,0,ELITE QUARTETO,,BB,S NOH,C BROWN,11,101,57,4yo B BRZ G SH,ROCK OF GIBRALTAR (IRE),NEW HAMPSHIRE (BRZ),ELITE PERFORMANCE STABLE,-1
21/07/2019,9,G1,1800,T,,2,1*175,NIMBLE,,,J POWELL,L DRAGON,7,91,57,4yo BR AUS G SH,PATRONIZE (AUS),GRAND OSCAR (AUS),MMW STABLE,-
21/07/2019,9,G1,1800,T,,3,50808,KING LOUIS,,,W PIKE,R LE GRANGE,14,85,57,4yo BR AUS G SH,MEDAGLIA D'ORO (USA),RUN FOR ROSES (AUS),ROYALTY RACING STABLE,-
21/07/2019,9,G1,1800,T,,4,90000,MR CLINT,,"B, TT",B PINHEIRO,DL FREEDMAN,15,85,57,4yo B NZ G SH,POWER (GB),VICTORIA BELLE (NZ),OSCAR RACING STABLE,-2
21/07/2019,9,G1,1800,T,,5,11176,QUARTER BACK,,WK,V DURIC,M CLEMENTS,4,85,57,4yo B JPN G NH,EMPIRE MAKER (USA),LAST MESSAGE (JPN),FALCON RACING NO 5 STABLE,-
21/07/2019,9,G1,1800,T,,6,11122,SACRED CROIX,,"TT, VIS",R WOODWORTH,M WALKER,8,85,57,4yo B/BR NZ G SH,SAVABEEL (AUS),CROIX DU SUD (NZ),RAFFLES RACING STABLE,5
21/07/2019,9,G1,1800,T,,7,11160,CIRCUIT MISSION,,,M RODD,DL FREEDMAN,1,83,57,4yo B IRE G NH,HIGH CHAPARRAL (IRE),PRECAUTIONARY (GB),NGO TAI TAK,-
21/07/2019,9,G1,1800,T,,8,16234,EYE GUY,,,B MELHAM,M CLEMENTS,9,83,57,4yo B AUS G SH,BRADBURY'S LUCK (AUS),LACADA POINT (AUS),JOE GIOVANNI SARJEET SINGH,3
21/07/2019,9,G1,1800,T,,9,32161,SUN MARSHAL,,B,J AZZOPARDI,DL FREEDMAN,12,82,57,4yo CH AUS G SH,SEPOY (AUS),MYSTERIOUS LIGHT (AUS),SUN BLOODSTOCK RACING STABLE,5
21/07/2019,9,G1,1800,T,,10,31215,MAGIC WAND,,"B, TT",CC WONG,KS TAN,2,80,57,4yo CH AUS G SH,STAR WITNESS (AUS),THANKSGIVING (NZ),TITANIUM RACING STABLE,-
21/07/2019,9,G1,1800,T,,11,17187,GLASGOW,,,M LERNER,S BURRIDGE,16,79,57,4yo B AUS G SH,NOT A SINGLE DOUBT (AUS),UNSPOKEN CHOICE (AUS),MMW STABLE,-
21/07/2019,9,G1,1800,T,,12,13340,HELIOSPHERE,,"TT, VIS",T BERRY,DL FREEDMAN,3,79,57,4yo B AUS H SH,SEBRING (AUS),PURRFECTION (NZ),CHINA HORSE CLUB STABLE,-
21/07/2019,9,G1,1800,T,,13,1571,SUPER DYNASTY,,"VIS, EM",S JOHN,DL FREEDMAN,10,79,57,4yo GR AUS G SH,FASTNET ROCK (AUS),SAYURI SAN (AUS),NUMBER ONE STABLE,7
21/07/2019,9,G1,1800,T,,14,192,BEAU GESTE,,,JP VAN DER MERWE,M WALKER,6,76,57,4yo B AUS G SH,STREET CRY (IRE),HAUT TON (AUS),FAIRDEAL & RONALD LAU STABLE,2
21/07/2019,9,G1,1800,T,,15,79319,DESTROYER ECLIPSE,,B,D MOOR,J PETERS,5,76,57,4yo B NZ G SH,ALAMOSA (NZ),SHEZABEEL (NZ),ECLIPSE STABLE,-
21/07/2019,9,G1,1800,T,,16,53311,WHAT'S NEW,,,B THOMPSON,C BROWN,13,88,55.5,4yo B/BR NZ M SH,CASINO PRINCE (AUS),PUSSYCAT DREAM (GB),TARNPIRR STABLE,5
21/07/2019,10,C4,1400,T,,1,122*3,GOLDEN FLAME,,"B, TT",B THOMPSON,D LOGAN,3,67,60,4yo B AUS G SH,MOSSMAN (AUS),AUTUMNCONCERTO (AUS),GOLDEN BILLION STABLE,-
21/07/2019,10,C4,1400,T,,2,38**4,ABSOLVIDO,,,APP WH KOK,S BURRIDGE,4,64,58.5,5yo CH NZ G SH,RIP VAN WINKLE (IRE),DIAMOND ROCK (AUS),STEVEN HAROLD BURRIDGE,-1
21/07/2019,10,C4,1400,T,,3,51371,BILLY BRITAIN,,,APP I AMIRUL,S GRAY,10,64,58.5,9yo BR NZ G SH,ONE COOL CAT (USA),ZATIGER (NZ),STEPHEN GRAY,6
21/07/2019,10,C4,1400,T,,4,7*25,WIND OF LIBERTY,,EM,M LERNER,H TAKAOKA,6,64,58.5,5yo B JPN G NH,SCREEN HERO (JPN),ON MY MIND (JPN),GALAHAD RACING STABLE,-1
21/07/2019,10,C4,1400,T,,5,1231*,AXEL,,VIS,R WOODWORTH,M WALKER,14,62,57.5,3yo B NZ G SH,DARCI BRAHMA (NZ),JOSEPHINES FORTUNE (NZ),TE AKAU RACING STABLE,5
21/07/2019,10,C4,1400,T,,6,41689,DRONE,,,J AZZOPARDI,M CLEMENTS,8,62,57.5,3yo CH AUS G SH,GOLDEN ARCHER (AUS),SHOVELLA (AUS),FALCON RACING NO 7 STABLE,-2
21/07/2019,10,C4,1400,T,,7,1*164,IRVING LIPSCHITZ,,B,D MOOR,DL FREEDMAN,2,60,56.5,3yo B AUS G SH,ANIMAL KINGDOM (USA),INTIMATION (AUS),BENNETT/SAMBOR RACING STABLE,-1
21/07/2019,10,C4,1400,T,,8,*9000,SIAM SAPPHIRE,,,G BOSS,M CLEMENTS,11,60,56.5,5yo B NZ G SH,SHOWCASING (GB),QUEENS MOVE (AUS),PUPETCH RACING STABLE,-2
21/07/2019,10,C4,1400,T,,9,26267,O'WHAT A FEELING,,TT,M KELLADY,S BAERTSCHIGER,5,59,56,6yo B NZ G SH,O'REILLY (NZ),HOOKED ONA FEELING (NZ),GPI RACING STABLE,-1
21/07/2019,10,C4,1400,T,,10,*3007,OXBOW SUN,,B,CC WONG,D KOH,12,57,55,6yo B AUS G SH,ENCOSTA DE LAGO (AUS),CORNERSOFF (AUS),CHENG TING KONG,-2
21/07/2019,10,C4,1400,T,,11,824**,ELITE BEAST,,"TT, SR",APP CK NG,J TAN,13,53,53,6yo BR AUS G SH,DANE SHADOW (AUS),SNIPPET STREET (AUS),ELITE PERFORMANCE NO 2 STABLE,-1
21/07/2019,10,C4,1400,T,,12,0319*,MINGS MAN,,"WK, TT",APP N ZYRUL,RB MARSH,7,52,52.5,9yo B AUS G SH,NADEEM (AUS),UNROCEL TAP (AUS),TUDOR LODGE RACING STABLE,-
21/07/2019,10,C4,1400,T,,13,*080*,MY FRIENDS,,,Z ZURIMAN,L KHOO,1,52,52.5,4yo B AUS G SH,MINT LANE (USA),CARPE JUGULUM (AUS),ST RESOURCES STABLE,-2
21/07/2019,10,C4,1400,T,,14,0150*,SILENT BOSS,,TT,K A'ISISUHAIRI,J O'HARA,9,51,52,4yo B AUS G SH,STREET BOSS (USA),MOONSPRITE (GB),TOAST TRUSTS & J. HO STABLE,-